-- phpMyAdmin SQL Dump
-- version 4.8.5
-- https://www.phpmyadmin.net/
--
-- Хост: 127.0.0.1:3306
-- Время создания: Фев 10 2022 г., 17:22
-- Версия сервера: 5.7.26
-- Версия PHP: 7.4.26

SET SQL_MODE = "NO_AUTO_VALUE_ON_ZERO";
SET AUTOCOMMIT = 0;
START TRANSACTION;
SET time_zone = "+00:00";


/*!40101 SET @OLD_CHARACTER_SET_CLIENT=@@CHARACTER_SET_CLIENT */;
/*!40101 SET @OLD_CHARACTER_SET_RESULTS=@@CHARACTER_SET_RESULTS */;
/*!40101 SET @OLD_COLLATION_CONNECTION=@@COLLATION_CONNECTION */;
/*!40101 SET NAMES utf8mb4 */;

--
-- База данных: `manychattest`
--

--
-- Дамп данных таблицы `departments`
--

INSERT INTO `departments` (`id`, `name`, `created`, `updated`) VALUES
(11, 'IT', '2022-02-10 20:12:18', '2022-02-10 20:12:18'),
(12, 'Бухгалтерия', '2022-02-10 20:12:30', '2022-02-10 20:12:30'),
(13, 'Маркетинг', '2022-02-10 20:12:35', '2022-02-10 20:12:35'),
(14, 'HR', '2022-02-10 20:12:38', '2022-02-10 20:12:38');

--
-- Дамп данных таблицы `employees`
--

INSERT INTO `employees` (`id`, `name`, `lastname`, `gender`, `birthday`, `salary`, `department_id`, `project_id`, `created`, `updated`) VALUES
(9, 'Иван', 'Иванов', 'муж', '1984-06-05', 24499.00, 13, 9, '2022-02-10 20:14:48', '2022-02-10 20:14:48'),
(10, 'Пётр', 'Петров', 'муж', '1988-08-04', 36700.00, 11, 8, '2022-02-10 20:15:27', '2022-02-10 20:15:27'),
(11, 'Сидр', 'Сидоров', 'муж', '1983-12-05', 140000.00, 12, 8, '2022-02-10 20:16:04', '2022-02-10 20:16:04'),
(12, 'Инокентий', 'Конюхов', 'муж', '1974-10-22', 170000.00, 13, 9, '2022-02-10 20:16:53', '2022-02-10 20:16:53'),
(13, 'Иванка', 'Трамп', 'жен', '1994-07-24', 95000.00, 12, 10, '2022-02-10 20:17:29', '2022-02-10 20:17:29'),
(14, 'Емельян', 'Мухин', 'муж', '1964-09-13', 230000.00, 13, 11, '2022-02-10 20:18:28', '2022-02-10 20:18:28'),
(15, 'Фёкла', 'Капустина', 'жен', '1999-06-05', 65000.00, 12, 10, '2022-02-10 20:19:26', '2022-02-10 20:19:26'),
(16, 'Зинаида', 'Уоттс', 'жен', '1991-05-05', 135000.00, 14, 10, '2022-02-10 20:20:35', '2022-02-10 20:20:35'),
(17, 'Фридрих', 'Гофман', 'муж', '1973-03-16', 350000.00, 13, 11, '2022-02-10 20:21:35', '2022-02-10 20:21:35');

--
-- Дамп данных таблицы `projects`
--

INSERT INTO `projects` (`id`, `name`, `created`, `updated`) VALUES
(8, 'Колонизация Марса', '2022-02-10 20:13:33', '2022-02-10 20:13:33'),
(9, 'Название потом придумаем', '2022-02-10 20:13:45', '2022-02-10 20:13:45'),
(10, 'Самый важный проект', '2022-02-10 20:13:58', '2022-02-10 20:13:58'),
(11, 'Потому что можем', '2022-02-10 20:14:10', '2022-02-10 20:14:10');
COMMIT;

/*!40101 SET CHARACTER_SET_CLIENT=@OLD_CHARACTER_SET_CLIENT */;
/*!40101 SET CHARACTER_SET_RESULTS=@OLD_CHARACTER_SET_RESULTS */;
/*!40101 SET COLLATION_CONNECTION=@OLD_COLLATION_CONNECTION */;
